ticker,report_date,price,net_income,total_debt,equity,current_assets,current_liabilities
NKE,2020-08-31,111.89,1518.0,24034.0,9224.0,21937.0,8619.0
MSFT,2020-09-30,210.33,13893.0,177609.0,123392.0,177077.0,70056.0
MRK,2020-09-30,79.15,2941.0,60530.0,29270.0,26577.0,20405.0
MMM,2020-09-30,160.18,1430.0,33447.0,11943.0,14110.0,7410.0
MCD,2020-09-30,219.49,1762.6,59171.4,-8472.1,6736.1,6280.2
LLY,2020-09-30,148.02,1208.4,38949.999999,4996.0,16239.9,11976.9
KO,2020-09-30,49.37,1737.0,76868.0,20316.0,30410.0,26891.0
NFLX,2020-09-30,50.0,789.976,28289.22,10333.323,9826.48,7939.795
AAPL,2020-09-30,115.81,12673.0,258549.0,65339.0,143713.0,204059.0
GE,2020-09-30,31.05,-1143.0,219521.0,34793.0,128680.0,56136.0
F,2020-09-30,6.66,2385.0,226782.0,33161.0,111765.0,93159.0
DIS,2020-09-30,124.08,-710.0,104037.0,97512.0,35251.0,26628.0
CVX,2020-09-30,72.0,-207.0,91025.0,132038.0,24803.0,19664.0
CAT,2020-09-30,149.15,668.0,61747.0,14994.0,38534.0,24978.0
AMZN,2020-09-30,157.44,6331.0,199404.0,82775.0,112969.0,101912.0
GM,2020-09-30,29.59,4045.0,191663.0,48008.0,89177.0,80603.0
INTC,2020-09-30,51.78,4276.0,70707.0,74554.0,36785.0,22112.0
META,2020-09-30,261.9,7846.0,28706.0,117731.0,65799.0,11944.0
AMD,2020-09-30,81.99,390.0,3156.0,3867.0,5500.0,2417.0
TSLA,2020-09-30,143.0,331.0,28143.0,17548.0,21744.0,13302.0
PEP,2020-09-30,,2291.0,78446.0,13595.0,24060.0,26009.0
QCOM,2020-09-30,117.68,2960.0,29517.0,6077.0,18519.0,8672.0
UNH,2020-09-30,311.77,3172.0,121018.0,69951.0,54821.0,66597.0
PFE,2020-09-30,34.82,1469.0,113489.0,65495.0,47738.0,34154.0
TXN,2020-09-30,142.79,1353.0,9882.0,8325.0,9259.0,2185.0
AMAT,2020-10-31,59.23,1131.0,11775.0,10578.0,13369.0,4459.0
HD,2020-10-31,266.71,3432.0,65384.0,1535.0,34505.0,25395.0
TGT,2020-10-31,152.22,1014.0,37342.0,13319.0,20309.0,19357.0
CSCO,2020-10-31,35.9,2174.0,56846.0,38157.0,42989.0,26991.0
WMT,2020-10-31,46.25,5135.0,163359.0,87504.0,73602.0,88121.0
NVDA,2020-10-31,12.53,1336.0,11547.0,15334.0,14393.0,3669.0
CRM,2020-10-31,232.27,1081.0,18826.0,40310.0,14946.0,12234.0
COST,2020-11-30,391.77,1166.0,44908.0,15309.0,32096.0,32667.0
NKE,2020-11-30,134.7,1251.0,24196.0,10640.0,23607.0,8871.0
ADBE,2020-11-30,478.47,2250.0,11020.0,13264.0,8146.0,5512.0
CAT,2020-12-31,182.02,780.0,62946.0,15378.0,39464.0,25717.0
UNH,2020-12-31,350.68,2212.0,126750.0,70539.0,53718.0,72420.0
CVX,2020-12-31,84.45,-665.0,107064.0,132726.0,26078.0,22183.0
TXN,2020-12-31,164.13,1688.0,10164.0,9187.0,10239.0,2390.0
DIS,2020-12-31,181.18,17.0,103830.0,98058.0,34874.0,26546.0
AMZN,2020-12-31,162.85,7222.0,227791.0,93404.0,132733.0,126385.0
F,2020-12-31,8.79,-2788.0,236450.0,30811.0,116744.0,97192.0
NFLX,2020-12-31,54.07,542.156,28215.119,11065.24,9761.58,7805.785
GE,2020-12-31,53.83,1186.0,219138.0,37074.0,84853.0,54613.0
INTC,2020-12-31,49.82,5857.0,72053.0,81038.0,47249.0,24754.0
QCOM,2020-12-31,152.34,2455.0,30099.0,7380.0,19792.0,9223.0
KO,2020-12-31,54.84,1456.0,66012.0,21284.0,19240.0,14601.0
PFE,2020-12-31,36.81,846.0,90756.0,63473.0,35066.0,25920.0
MCD,2020-12-31,214.58,1377.2,60451.699999,-7824.899999,6243.2,6181.2
AMD,2020-12-31,91.71,1781.0,3125.0,5837.0,6143.0,2417.0
META,2020-12-31,273.16,11219.0,31026.0,128290.0,75670.0,14981.0
MMM,2020-12-31,174.79,1405.0,34413.0,12931.0,14982.0,7948.0
PEP,2020-12-31,,1845.0,79366.0,13552.0,23001.0,23372.0
MRK,2020-12-31,78.05,-2094.0,66184.0,25404.0,27764.0,27327.0
MSFT,2020-12-31,222.42,15463.0,173901.0,130236.0,173973.0,67486.0
TSLA,2020-12-31,235.22,270.0,28418.0,23730.0,26717.0,14248.0
GM,2020-12-31,41.64,2846.0,185517.0,49677.0,80924.0,79910.0
LLY,2020-12-31,168.84,2116.8,40807.899999,5825.2,17462.1,12481.6
AAPL,2020-12-31,132.69,28755.0,287830.0,66224.0,154106.0,231788.0
CRM,2021-01-31,228.46,267.0,24808.0,41493.0,21889.0,17728.0
HD,2021-01-31,270.07,2857.0,67282.0,3299.0,28477.0,23166.0
WMT,2021-01-31,46.42,-2091.0,164965.0,87531.0,90067.0,92645.0
AMAT,2021-01-31,101.21,1130.0,11832.0,11473.0,14269.0,4504.0
TGT,2021-01-31,183.57,1380.0,36808.0,14440.0,20756.0,20125.0
CSCO,2021-01-31,45.4,2545.0,56480.0,39121.0,43911.0,27268.0
NVDA,2021-01-31,13.24,1457.0,11898.0,16893.0,16055.0,3925.0
NKE,2021-02-28,137.65,1449.0,24254.0,11931.0,24700.0,8894.0
ADBE,2021-02-28,469.57,1261.0,11439.0,13546.0,7384.0,5806.0
COST,2021-02-28,331.77,951.0,38789.0,16129.0,26308.0,26564.0
TXN,2021-03-31,188.99,1753.0,9473.0,10166.0,10405.0,1700.0
F,2021-03-31,12.25,3262.0,226845.0,33974.0,113932.0,94249.0
CVX,2021-03-31,104.79,1377.0,108712.0,132933.0,30433.0,27480.0
CAT,2021-03-31,231.87,1530.0,64112.0,16617.0,42581.0,26578.0
DIS,2021-03-31,184.52,901.0,101054.0,99196.0,32877.0,26642.0
AAPL,2021-03-31,122.15,23630.0,267980.0,69178.0,121465.0,215027.0
LLY,2021-03-31,186.82,1355.3,39739.0,7099.3,16604.5,11714.2
META,2021-03-31,294.53,9497.0,29866.0,133657.0,77322.0,12717.0
PEP,2021-03-31,,1714.0,77171.0,14053.0,21196.0,22693.0
KO,2021-03-31,52.71,2245.0,67661.0,22332.0,21932.0,16486.0
PFE,2021-03-31,36.23,4877.0,89951.0,68864.0,39534.0,26652.0
QCOM,2021-03-31,132.59,1762.0,29744.0,7424.0,18299.0,9070.0
NFLX,2021-03-31,52.17,1706.715,27238.934,12884.08,10107.508,7961.77
UNH,2021-03-31,372.07,4862.0,134589.0,70582.0,59508.0,80641.0
MCD,2021-03-31,224.14,1537.2,58338.6,-7235.5,5467.9,4579.8
MRK,2021-03-31,73.56,3179.0,63808.0,27039.0,26909.0,26361.0
GE,2021-03-31,65.44,-2802.0,210010.0,35153.0,113199.0,57681.0
GM,2021-03-31,57.46,3022.0,183968.0,54443.0,82091.0,76323.0
MMM,2021-03-31,192.68,1624.0,33352.0,13828.0,15345.0,8363.0
TSLA,2021-03-31,222.64,438.0,28507.0,24465.0,24705.0,14877.0
AMZN,2021-03-31,154.7,8107.0,219757.0,103320.0,121408.0,115404.0
MSFT,2021-03-31,235.77,15457.0,174374.0,134505.0,165614.0,72193.0
AMD,2021-03-31,78.5,555.0,3570.0,6477.0,7197.0,2864.0
INTC,2021-03-31,64.0,3361.0,70815.0,79807.0,45773.0,24151.0
AMAT,2021-04-30,132.71,1330.0,12092.0,11993.0,14971.0,4822.0
HD,2021-04-30,323.67,4145.0,70819.0,1748.0,30672.0,27758.0
CRM,2021-04-30,230.32,469.0,22318.0,42567.0,20444.0,15323.0
CSCO,2021-04-30,50.91,2863.0,53691.0,40205.0,37060.0,24262.0
NVDA,2021-04-30,15.01,1912.0,12022.0,18774.0,18127.0,4004.0
WMT,2021-04-30,46.64,2730.0,151989.0,84592.0,76591.0,80841.0
TGT,2021-04-30,207.26,2097.0,35512.0,14959.0,19931.0,18598.0
ADBE,2021-05-31,495.91,1116.0,11730.0,13852.0,8078.0,6145.0
NKE,2021-05-31,134.51,1509.0,24973.0,12767.0,26291.0,9674.0
COST,2021-05-31,378.23,1220.0,40300.0,16974.0,27916.0,27982.0
META,2021-06-30,347.71,10394.0,32382.0,138227.0,80697.0,14874.0
PFE,2021-06-30,39.16,5564.0,99605.0,70313.0,48814.0,35664.0
MRK,2021-06-30,77.77,1545.0,57300.0,33388.0,28665.0,21906.0
PEP,2021-06-30,,2358.0,76987.0,15398.0,21597.0,23623.0
AMD,2021-06-30,93.93,710.0,3626.0,7065.0,7818.0,2892.0
KO,2021-06-30,54.11,2641.0,65939.0,24255.0,22481.0,15299.0
AAPL,2021-06-30,136.96,21744.0,265560.0,64280.0,114423.0,213506.0
GM,2021-06-30,59.17,2836.0,183927.0,57876.0,82609.0,74811.0
AMZN,2021-06-30,172.01,7778.0,245516.0,114803.0,140848.0,117792.0
CVX,2021-06-30,104.74,3082.0,108895.0,133911.0,32973.0,28147.0
UNH,2021-06-30,400.44,4266.0,136971.0,73321.0,58916.0,76557.0
NFLX,2021-06-30,52.82,1353.013,27107.098,13863.871,9604.276,7832.888
INTC,2021-06-30,56.14,5061.0,69390.0,85207.0,49372.0,24836.0
F,2021-06-30,14.86,561.0,213748.0,34784.0,101275.0,83474.0
GE,2021-06-30,67.09,-1130.0,202510.0,35048.0,102411.0,56638.0
MMM,2021-06-30,198.63,1524.0,33791.0,14516.0,16343.0,9440.0
MCD,2021-06-30,230.99,2219.3,57701.1,-5807.999999,5701.2,3934.8
MSFT,2021-06-30,270.9,16458.0,191791.0,141988.0,184406.0,88657.0
LLY,2021-06-30,229.52,1390.2,41145.5,6663.5,17295.5,15093.2
QCOM,2021-06-30,142.93,2027.0,30592.0,8177.0,19693.0,11460.0
TSLA,2021-06-30,226.57,1142.0,28896.0,26250.0,24693.0,16371.0
CAT,2021-06-30,217.63,1413.0,64817.0,16880.0,42946.0,27508.0
TXN,2021-06-30,192.3,1931.0,9450.0,11153.0,11177.0,2201.0
DIS,2021-06-30,175.77,918.0,101607.0,100614.0,33966.0,27413.0
AMAT,2021-07-31,139.93,1716.0,12419.0,12060.0,15248.0,5125.0
WMT,2021-07-31,47.52,4276.0,151425.0,87127.0,78243.0,81122.0
CSCO,2021-07-31,55.37,3009.0,56222.0,41275.0,39112.0,26257.0
CRM,2021-07-31,241.93,535.0,33138.0,55520.0,16256.0,17393.0
NVDA,2021-07-31,19.5,2374.0,17503.0,21147.0,25806.0,4448.0
HD,2021-07-31,328.19,4807.0,68700.0,2069.0,28262.0,26666.0
TGT,2021-07-31,261.05,1817.0,36525.0,14860.0,20231.0,19422.0
NKE,2021-08-31,164.74,1874.0,23574.0,14343.0,26390.0,8269.0
ADBE,2021-08-31,663.7,1212.0,11730.0,14414.0,8619.0,6191.0
COST,2021-08-31,455.49,1670.0,41190.0,18078.0,29505.0,29441.0
MCD,2021-09-30,241.11,2149.9,58401.999999,-5674.999999,6795.9,5095.6
QCOM,2021-09-30,128.98,2798.0,31290.0,9950.0,20075.0,12315.0
F,2021-09-30,14.16,1832.0,215973.0,36704.0,106968.0,89033.0
TSLA,2021-09-30,258.49,1618.0,29340.0,28494.0,25002.0,18051.0
NFLX,2021-09-30,61.03,1449.071,27425.24,15314.617,9415.787,8049.246
CAT,2021-09-30,191.97,1426.0,64089.0,16695.0,41893.0,25976.0
META,2021-09-30,339.39,9194.0,36225.0,133360.0,75421.0,17812.0
MSFT,2021-09-30,281.92,20505.0,183440.0,151978.0,174326.0,80528.0
INTC,2021-09-30,53.28,6823.0,77875.0,90087.0,61304.0,29572.0
GE,2021-09-30,64.19,1256.0,124783.0,25983.0,62876.0,50064.0
CVX,2021-09-30,101.45,6111.0,103226.0,136722.0,32137.0,25188.0
UNH,2021-09-30,390.74,4086.0,138413.0,74632.0,61610.0,79575.0
GM,2021-09-30,52.71,2420.0,178236.0,60321.0,77791.0,71951.0
PFE,2021-09-30,43.01,8146.0,103222.0,75965.0,57900.0,41804.0
MRK,2021-09-30,75.11,4567.0,57631.0,35863.0,31058.0,23728.0
MMM,2021-09-30,175.42,1434.0,33748.0,14530.0,16426.0,9635.0
AMZN,2021-09-30,164.25,3156.0,261842.0,120564.0,138531.0,123994.0
KO,2021-09-30,52.47,2471.0,66473.0,24133.0,24240.0,15990.0
PEP,2021-09-30,,2224.0,77264.0,15990.0,23710.0,25077.0
AAPL,2021-09-30,141.5,20551.0,287912.0,63090.0,134836.0,125481.0
TXN,2021-09-30,192.21,1947.0,11122.0,12151.0,13585.0,2413.0
DIS,2021-09-30,169.17,159.0,101385.0,102224.0,33657.0,31077.0
AMD,2021-09-30,102.9,923.0,4017.0,7136.0,7988.0,3564.0
LLY,2021-09-30,231.05,1110.1,40232.9,7954.1,17808.3,13682.0
CRM,2021-10-31,302.76,468.0,30382.0,57054.0,15957.0,15035.0
CSCO,2021-10-31,56.1,2980.0,53280.0,42701.0,37588.0,23238.0
TGT,2021-10-31,257.92,1488.0,40608.0,13803.0,22576.0,23351.0
AMAT,2021-10-31,139.51,1712.0,13578.0,12247.0,16107.0,6344.0
HD,2021-10-31,366.48,4129.0,71996.0,1035.0,30466.0,26903.0
WMT,2021-10-31,49.93,3105.0,154094.0,90757.0,82964.0,87620.0
NVDA,2021-10-31,25.83,2464.0,16834.0,23798.0,25806.0,3612.0
ADBE,2021-11-30,669.85,1233.0,12444.0,14797.0,8669.0,6932.0
COST,2021-11-30,539.38,1324.0,45149.0,19000.0,33850.0,33342.0
NKE,2021-11-30,169.24,1337.0,23993.0,14924.0,27177.0,8857.0
QCOM,2021-12-31,182.87,3399.0,31487.0,11333.0,20222.0,12273.0
GM,2021-12-31,58.63,1741.0,178903.0,65815.0,82103.0,74408.0
MCD,2021-12-31,268.07,1638.8,58455.3,-4601.0,7148.5,4020.0
MMM,2021-12-31,177.63,1339.0,31955.0,15117.0,15403.0,9035.0
LLY,2021-12-31,276.22,1726.1,39651.2,9154.8,18452.4,15052.7
CVX,2021-12-31,117.35,5055.0,99595.0,139940.0,33738.0,26791.0
F,2021-12-31,20.77,12282.0,208413.0,48622.0,108996.0,90727.0
TSLA,2021-12-31,352.26,2321.0,30548.0,31583.0,27100.0,19705.0
DIS,2021-12-31,154.89,1104.0,99718.0,103593.0,32913.0,30037.0
PEP,2021-12-31,,1322.0,76226.0,16151.0,21783.0,26220.0
KO,2021-12-31,59.21,2414.0,69494.0,24860.0,22545.0,19950.0
MSFT,2021-12-31,336.32,18765.0,180379.0,160010.0,174188.0,77510.0
INTC,2021-12-31,51.5,4623.0,73015.0,95391.0,58558.0,27462.0
AAPL,2021-12-31,177.57,34630.0,309259.0,71932.0,153154.0,254203.0
META,2021-12-31,336.35,10285.0,41108.0,124879.0,66666.0,21135.0
PFE,2021-12-31,59.05,3393.0,104014.0,77462.0,59693.0,42672.0
AMZN,2021-12-31,166.72,14323.0,282304.0,138245.0,161580.0,142266.0
MRK,2021-12-31,76.64,3758.0,67437.0,38257.0,30266.0,23872.0
NFLX,2021-12-31,60.24,607.429,28735.415,15849.248,8069.825,8488.966
CAT,2021-12-31,206.74,2120.0,66277.0,16516.0,43455.0,29847.0
TXN,2021-12-31,188.47,2138.0,11343.0,13333.0,13685.0,2569.0
UNH,2021-12-31,502.14,4071.0,135727.0,76479.0,61758.0,78292.0
AMD,2021-12-31,143.9,974.0,4922.0,7497.0,8583.0,4240.0
GE,2021-12-31,58.86,-7359.0,157261.0,41613.0,66348.0,51953.0
AMAT,2022-01-31,138.18,1792.0,13538.0,11890.0,15707.0,6264.0
NVDA,2022-01-31,24.49,3003.0,17575.0,26612.0,28829.0,4335.0
WMT,2022-01-31,46.6,3562.0,152969.0,91891.0,81070.0,87379.0
HD,2022-01-31,366.98,3352.0,73572.0,-1696.0,29055.0,28693.0
CSCO,2022-01-31,55.67,2973.0,54766.0,39496.0,36799.0,25915.0
CRM,2022-01-31,232.63,-28.0,37078.0,58131.0,22850.0,21788.0
TGT,2022-01-31,220.43,1544.0,40984.0,12827.0,21573.0,21747.0
NKE,2022-02-28,136.55,1396.0,23768.0,14809.0,26962.0,8818.0
ADBE,2022-02-28,467.68,1266.0,12201.0,13775.0,7476.0,7197.0
COST,2022-02-28,519.25,1299.0,43102.0,19976.0,32565.0,31545.0
LLY,2022-03-31,286.37,1902.9,37457.3,9461.999999,16964.7,13386.0
F,2022-03-31,16.91,-3110.0,207902.0,45084.0,106142.0,90352.0
NFLX,2022-03-31,37.46,1597.447,27786.865,17544.039,8098.015,7739.656
AMZN,2022-03-31,163.0,-3844.0,276766.0,134001.0,133876.0,139508.0
TXN,2022-03-31,183.48,2201.0,11259.0,14017.0,14010.0,2528.0
AAPL,2022-03-31,174.61,25010.0,283263.0,67399.0,118180.0,230831.0
META,2022-03-31,222.36,7465.0,40990.0,123228.0,59265.0,21086.0
KO,2022-03-31,62.0,2781.0,67223.0,26841.0,22156.0,18787.0
PEP,2022-03-31,,4261.0,74642.0,18320.0,22342.0,25824.0
GE,2022-03-31,57.01,-1136.0,151679.0,40285.0,63299.0,53345.0
UNH,2022-03-31,509.97,5027.0,143591.0,77647.0,69029.0,88170.0
PFE,2022-03-31,51.77,7864.0,101155.0,82686.0,54420.0,39268.0
MRK,2022-03-31,82.05,4310.0,65715.0,40953.0,31184.0,22316.0
INTC,2022-03-31,49.56,8113.0,73220.0,103136.0,62568.0,29322.0
GM,2022-03-31,43.74,2938.0,184716.0,66774.0,88593.0,79554.0
CVX,2022-03-31,162.83,6259.0,101948.0,147100.0,44709.0,31203.0
MCD,2022-03-31,247.28,1104.4,56868.5,-5990.8,4656.4,4234.6
CAT,2022-03-31,222.82,1537.0,65179.0,17097.0,42570.0,29532.0
MSFT,2022-03-31,308.31,16728.0,181683.0,162924.0,153922.0,77439.0
DIS,2022-03-31,137.16,470.0,98440.0,104013.0,31427.0,29601.0
MMM,2022-03-31,148.88,1299.0,30851.0,15004.0,14452.0,9152.0
QCOM,2022-03-31,152.82,2934.0,30974.0,13328.0,21610.0,13432.0
TSLA,2022-03-31,359.2,3318.0,30632.0,35406.0,29050.0,21455.0
AMD,2022-03-31,109.34,786.0,11582.0,55333.0,13369.0,5581.0
HD,2022-04-30,300.4,4231.0,78276.0,-1709.0,33867.0,30387.0
NVDA,2022-04-30,18.55,1618.0,18892.0,26320.0,29575.0,5562.0
CSCO,2022-04-30,48.98,3044.0,52397.0,40400.0,35981.0,24150.0
AMAT,2022-04-30,110.35,1536.0,13880.0,11579.0,15244.0,6650.0
WMT,2022-04-30,51.0,2054.0,160282.0,85860.0,83220.0,96530.0
CRM,2022-04-30,175.94,28.0,34146.0,58876.0,20411.0,19899.0
TGT,2022-04-30,228.65,1009.0,40068.0,10774.0,17953.0,20724.0
ADBE,2022-05-31,416.48,1178.0,12341.0,13985.0,7908.0,7385.0
NKE,2022-05-31,118.85,1439.0,25040.0,15281.0,28213.0,10730.0
MSFT,2022-06-30,256.83,16740.0,198298.0,166542.0,169684.0,95082.0
MMM,2022-06-30,129.41,78.0,31818.0,13816.0,14514.0,9896.0
AMD,2022-06-30,76.47,447.0,12333.0,55169.0,13462.0,5523.0
GM,2022-06-30,31.76,1692.0,185259.0,68260.0,91093.0,95520.0
MRK,2022-06-30,91.17,3944.0,63777.0,43318.0,32116.0,23168.0
TSLA,2022-06-30,224.47,2259.0,30855.0,37658.0,31222.0,21821.0
AAPL,2022-06-30,136.72,19442.0,278202.0,58107.0,112292.0,129873.0
PEP,2022-06-30,,1429.0,74429.0,18674.0,22633.0,27223.0
GE,2022-06-30,39.67,-880.0,149597.0,35942.0,60658.0,53884.0
KO,2022-06-30,62.91,1905.0,68366.0,24803.0,23141.0,20531.0
PFE,2022-06-30,52.43,9905.0,107820.0,87470.0,67466.0,47410.0
UNH,2022-06-30,513.63,5070.0,149045.0,81127.0,68356.0,88698.0
MCD,2022-06-30,246.88,1188.0,55617.6,-6369.8,4919.3,3480.1
CAT,2022-06-30,178.76,1673.0,65348.0,15759.0,41982.0,28963.0
CVX,2022-06-30,144.78,11622.0,103374.0,154562.0,51188.0,39121.0
META,2022-06-30,161.25,6687.0,44012.0,125767.0,55987.0,22217.0
DIS,2022-06-30,94.4,1409.0,98216.0,105858.0,31422.0,30704.0
QCOM,2022-06-30,127.74,3730.0,30972.0,16048.0,18999.0,11829.0
INTC,2022-06-30,37.41,-454.0,69200.0,101218.0,50588.0,27218.0
NFLX,2022-06-30,17.49,1440.951,27274.961,19075.974,7840.778,7500.022
F,2022-06-30,11.13,667.0,201518.0,44237.0,100469.0,86452.0
AMZN,2022-06-30,106.21,-2028.0,288326.0,131402.0,133667.0,140291.0
TXN,2022-06-30,153.65,2291.0,10631.0,14092.0,13043.0,2560.0
LLY,2022-06-30,324.23,952.5,38404.4,8659.2,17115.2,15620.6
CRM,2022-07-31,182.98,68.0,34050.0,60098.0,21246.0,20080.0
NVDA,2022-07-31,18.44,656.0,19625.0,23851.0,27418.0,7573.0
WMT,2022-07-31,44.18,5149.0,161352.0,85847.0,84164.0,99899.0
CSCO,2022-07-31,45.28,2815.0,54229.0,39773.0,36717.0,25640.0
TGT,2022-07-31,165.55,183.0,41878.0,10592.0,18453.0,22445.0
HD,2022-07-31,305.82,5173.0,75588.0,237.0,32941.0,27834.0
AMAT,2022-07-31,106.4,1606.0,14091.0,12070.0,15434.0,6833.0
COST,2022-08-31,522.1,1868.0,43519.0,20647.0,32696.0,31998.0
NKE,2022-08-31,106.45,1468.0,25266.0,15822.0,28877.0,10919.0
ADBE,2022-08-31,373.44,1136.0,12371.0,14373.0,8489.0,7438.0
INTC,2022-09-30,25.77,1019.0,74956.0,99885.0,49263.0,27813.0
MCD,2022-09-30,230.74,1981.6,55067.8,-6566.2,5740.8,3486.1
MMM,2022-09-30,110.5,3859.0,32020.0,14156.0,14895.0,9543.0
UNH,2022-09-30,505.04,5262.0,160143.0,82921.0,82937.0,100935.0
META,2022-09-30,135.68,4395.0,54800.0,124094.0,58315.0,22687.0
KO,2022-09-30,56.02,2825.0,68035.0,24436.0,24139.0,21439.0
LLY,2022-09-30,323.35,1451.7,37295.6,10165.9,17639.9,15652.8
TSLA,2022-09-30,265.25,3292.0,33302.0,41124.0,35990.0,24611.0
DIS,2022-09-30,94.33,162.0,95253.0,108378.0,29098.0,29073.0
MRK,2022-09-30,86.12,3248.0,62557.0,44524.0,33561.0,22998.0
CVX,2022-09-30,143.67,11231.0,100108.0,159627.0,51503.0,36883.0
TXN,2022-09-30,154.78,2295.0,11550.0,14507.0,13772.0,2798.0
GE,2022-09-30,38.57,162.0,148127.0,32754.0,60082.0,54658.0
PEP,2022-09-30,,2702.0,75326.0,19135.0,23543.0,25653.0
F,2022-09-30,11.2,-827.0,204830.0,42089.0,108088.0,90167.0
PFE,2022-09-30,43.76,8610.0,102458.0,92891.0,70405.0,44313.0
MSFT,2022-09-30,232.9,17556.0,186218.0,173566.0,160812.0,87389.0
GM,2022-09-30,32.09,3305.0,190762.0,69767.0,98272.0,86004.0
QCOM,2022-09-30,112.98,2873.0,31001.0,18013.0,20724.0,12010.0
AAPL,2022-09-30,138.2,20721.0,302083.0,50672.0,135405.0,153982.0
AMZN,2022-09-30,113.0,2872.0,290873.0,137489.0,131463.0,140363.0
AMD,2022-09-30,63.36,66.0,13269.0,54542.0,14420.0,6691.0
CAT,2022-09-30,164.08,2041.0,65285.0,15622.0,42577.0,30202.0
NFLX,2022-09-30,23.54,1398.242,27034.046,20528.141,8816.903,7765.924
WMT,2022-10-31,47.44,-1798.0,167273.0,80383.0,87680.0,101408.0
CRM,2022-10-31,162.59,210.0,32533.0,59351.0,19209.0,18227.0
CSCO,2022-10-31,45.43,2670.0,52782.0,40272.0,36141.0,24896.0
AMAT,2022-10-31,88.29,1591.0,14532.0,12194.0,15925.0,7379.0
TGT,2022-10-31,164.25,712.0,44596.0,11019.0,20393.0,23783.0
NVDA,2022-10-31,13.5,680.0,19139.0,21349.0,23223.0,6855.0
HD,2022-10-31,296.13,4339.0,75568.0,1298.0,33681.0,24280.0
ADBE,2022-11-30,344.93,1176.0,13114.0,14051.0,8996.0,8188.0
NKE,2022-11-30,109.69,1331.0,24375.0,15272.0,27447.0,10199.0
COST,2022-11-30,539.25,1364.0,44551.0,21476.0,34150.0,33067.0
KO,2022-12-31,63.61,2031.0,66937.0,25826.0,22591.0,19724.0
NFLX,2022-12-31,29.49,55.284,27817.367,20777.401,9266.473,7930.974
MCD,2022-12-31,263.53,1903.0,56439.0,-6003.4,5424.2,3802.1
PFE,2022-12-31,51.24,4993.0,101288.0,95917.0,51259.0,51951.0
AAPL,2022-12-31,129.93,29998.0,290020.0,56727.0,128777.0,137286.0
CAT,2022-12-31,239.56,1454.0,66052.0,15891.0,43785.0,57245.0
MMM,2022-12-31,119.92,541.0,31685.0,14770.0,14688.0,9523.0
QCOM,2022-12-31,109.94,2235.0,31204.0,18810.0,21098.0,10186.0
AMZN,2022-12-31,84.0,278.0,316632.0,146043.0,146791.0,155393.0
GM,2022-12-31,33.64,1998.0,191753.0,72284.0,100450.0,91174.0
LLY,2022-12-31,365.84,1937.7,38714.4,10775.4,18034.5,17138.2
AMD,2022-12-31,64.77,21.0,12830.0,54750.0,15019.0,6369.0
MRK,2022-12-31,110.95,3017.0,63102.0,46058.0,35722.0,24239.0
PEP,2022-12-31,,518.0,74914.0,17273.0,21539.0,26785.0
MSFT,2022-12-31,239.82,16425.0,181416.0,183136.0,157823.0,81718.0
TSLA,2022-12-31,123.18,3687.0,36440.0,45898.0,40917.0,26709.0
GE,2022-12-31,52.2,2195.0,153939.0,34912.0,58382.0,50837.0
DIS,2022-12-31,86.88,1279.0,93246.0,108878.0,26912.0,27070.0
INTC,2022-12-31,26.43,-664.0,78817.0,103286.0,50407.0,32155.0
META,2022-12-31,120.34,4653.0,60014.0,125713.0,59549.0,27026.0
CVX,2022-12-31,179.49,6353.0,97467.0,160242.0,50343.0,34208.0
F,2022-12-31,11.63,1289.0,212717.0,43167.0,116476.0,96866.0
TXN,2022-12-31,165.22,1962.0,12630.0,14577.0,14021.0,2985.0
UNH,2022-12-31,530.18,4761.0,159358.0,86347.0,69069.0,89237.0
HD,2023-01-31,324.17,3362.0,74883.0,1562.0,32471.0,23110.0
AMAT,2023-01-31,111.49,1717.0,14539.0,13420.0,16715.0,7250.0
CSCO,2023-01-31,48.67,2773.0,54366.0,41474.0,38515.0,27252.0
WMT,2023-01-31,47.96,6275.0,159206.0,83991.0,75655.0,92198.0
NVDA,2023-01-31,19.54,1414.0,19081.0,22101.0,23073.0,6563.0
TGT,2023-01-31,172.14,876.0,42103.0,11232.0,17846.0,19500.0
CRM,2023-01-31,167.97,-98.0,40490.0,58359.0,26395.0,25891.0
ADBE,2023-02-28,323.95,1247.0,12461.0,14206.0,8342.0,7437.0
NKE,2023-02-28,118.79,1240.0,23763.0,14531.0,26035.0,9548.0
COST,2023-02-28,484.18,1466.0,44049.0,22799.0,34330.0,32516.0
PEP,2023-03-31,,1932.0,75867.0,17175.0,22427.0,25837.0
TSLA,2023-03-31,207.46,2513.0,37598.0,49235.0,42997.0,27436.0
META,2023-03-31,211.94,5709.0,59696.0,124795.0,52483.0,25381.0
TXN,2023-03-31,186.01,1708.0,13977.0,15243.0,15023.0,2904.0
QCOM,2023-03-31,127.58,1704.0,28664.0,19698.0,19073.0,7970.0
MRK,2023-03-31,106.39,2821.0,60891.0,46905.0,33402.0,23131.0
MSFT,2023-03-31,288.3,18299.0,185405.0,194683.0,163889.0,85691.0
AAPL,2023-03-31,164.9,24160.0,270002.0,62158.0,112913.0,120075.0
PFE,2023-03-31,40.8,5541.0,94381.0,101237.0,50078.0,36562.0
MMM,2023-03-31,105.11,976.0,31535.0,15351.0,14963.0,10556.0
NFLX,2023-03-31,34.55,1305.12,27662.149,21828.196,10482.623,8316.07
MCD,2023-03-31,279.61,1802.0,57790.5,-5776.1,6798.7,4624.7
UNH,2023-03-31,472.59,5611.0,193057.0,90622.0,93895.0,116482.0
CAT,2023-03-31,228.84,1943.0,65479.0,18170.0,45660.0,31842.0
DIS,2023-03-31,100.13,1271.0,94488.0,110370.0,28263.0,28056.0
F,2023-03-31,12.6,1757.0,214603.0,42197.0,115123.0,95905.0
CVX,2023-03-31,163.16,6574.0,95452.0,160434.0,48351.0,33735.0
AMZN,2023-03-31,103.29,3172.0,309852.0,154526.0,136221.0,147570.0
KO,2023-03-31,62.03,3107.0,70536.0,26868.0,26880.0,23357.0
GM,2023-03-31,36.68,2396.0,192773.0,74232.0,98832.0,90185.0
GE,2023-03-31,76.3,7504.0,131650.0,32822.0,60286.0,48177.0
INTC,2023-03-31,32.67,-2758.0,84900.0,100403.0,48314.0,27393.0
AMD,2023-03-31,98.01,-139.0,12940.0,54694.0,15658.0,6577.0
LLY,2023-03-31,343.42,1344.9,41868.1,11294.9,20811.4,16010.0
NVDA,2023-04-30,28.91,2043.0,19940.0,24520.0,24883.0,7260.0
CSCO,2023-04-30,47.34,3212.0,55234.0,42295.0,39950.0,28719.0
AMAT,2023-04-30,112.95,1575.0,14963.0,14129.0,17773.0,7871.0
TGT,2023-04-30,157.12,950.0,40545.0,11605.0,15773.0,17867.0
CRM,2023-04-30,197.79,199.0,36129.0,57412.0,21981.0,21626.0
HD,2023-04-30,297.7,3873.0,76024.0,362.0,32423.0,25446.0
COST,2023-04-30,493.59,1302.0,43179.0,23573.0,34289.0,31708.0
WMT,2023-04-30,50.53,1673.0,165588.0,79465.0,78511.0,95505.0
ADBE,2023-05-31,417.79,1295.0,13000.0,14838.0,9274.0,8019.0
NKE,2023-05-31,105.26,1031.0,23527.0,14004.0,25202.0,9256.0
INTC,2023-06-30,33.44,1481.0,81158.0,104471.0,43356.0,27180.0
QCOM,2023-06-30,119.04,1803.0,28332.0,20670.0,20476.0,8555.0
GE,2023-06-30,87.67,33.0,130638.0,32369.0,60213.0,49492.0
TXN,2023-06-30,180.02,1722.0,14999.0,15940.0,15514.0,2711.0
AMZN,2023-06-30,130.36,6750.0,309005.0,168602.0,140482.0,148238.0
MRK,2023-06-30,115.39,-5975.0,65727.0,38742.0,29977.0,23394.0
META,2023-06-30,286.98,7788.0,72655.0,134033.0,69560.0,29921.0
CAT,2023-06-30,246.05,2922.0,67171.0,18256.0,47000.0,35314.0
DIS,2023-06-30,89.28,-460.0,92841.0,110942.0,30174.0,28234.0
F,2023-06-30,15.13,1917.0,222385.0,43606.0,121712.0,101015.0
PFE,2023-06-30,36.68,2326.0,120873.0,99293.0,73348.0,34646.0
NFLX,2023-06-30,44.05,1487.61,27985.258,22832.215,11506.336,8675.805
KO,2023-06-30,60.22,2547.0,70904.0,27552.0,27591.0,24115.0
TSLA,2023-06-30,261.77,2703.0,38409.0,52182.0,43875.0,27592.0
UNH,2023-06-30,480.64,5474.0,188008.0,92156.0,89869.0,112981.0
AAPL,2023-06-30,193.97,19881.0,274764.0,60274.0,122659.0,124963.0
CVX,2023-06-30,157.35,6010.0,92481.0,159298.0,42790.0,29847.0
MCD,2023-06-30,298.41,2312.0,55441.1,-4999.1,4945.4,3673.7
PEP,2023-06-30,,2748.0,78081.0,17825.0,24954.0,29618.0
AMD,2023-06-30,113.91,27.0,12831.0,55136.0,16505.0,7572.0
LLY,2023-06-30,468.98,1763.2,43664.7,11149.3,21331.6,18915.0
MMM,2023-06-30,100.09,-6841.0,41023.0,7857.0,15754.0,10936.0
MSFT,2023-06-30,340.54,20081.0,205753.0,206223.0,184257.0,104149.0
GM,2023-06-30,38.56,2566.0,199858.0,75973.0,106805.0,92717.0
WMT,2023-07-31,53.29,7891.0,169562.0,85559.0,82032.0,99220.0
CSCO,2023-07-31,52.04,3958.0,57499.0,44353.0,46831.0,48707.0
NVDA,2023-07-31,46.73,6188.0,22054.0,27501.0,28797.0,10334.0
AMAT,2023-07-31,151.59,1560.0,15317.0,15093.0,18879.0,8224.0
HD,2023-07-31,333.84,4659.0,75052.0,1335.0,31830.0,24227.0
CRM,2023-07-31,225.01,1267.0,34365.0,58082.0,21138.0,20805.0
TGT,2023-07-31,136.47,835.0,41216.0,11990.0,16098.0,19332.0
PEP,2023-08-31,,3092.0,80983.0,18970.0,28649.0,32660.0
NKE,2023-08-31,101.71,1450.0,22815.0,13971.0,24250.0,8461.0
COST,2023-08-31,549.28,2160.0,43936.0,25058.0,35879.0,33583.0
ADBE,2023-08-31,559.34,1403.0,13314.0,15776.0,10410.0,8334.0
MRK,2023-09-30,102.95,4745.0,65427.0,41300.0,31954.0,23094.0
PFE,2023-09-30,33.17,-2381.0,117816.0,97204.0,74012.0,31136.0
CVX,2023-09-30,168.62,6526.0,97679.0,166248.0,41732.0,33263.0
AAPL,2023-09-30,171.21,22956.0,290437.0,62146.0,143566.0,135486.0
DIS,2023-09-30,81.05,264.0,92567.0,113012.0,32763.0,31139.0
NFLX,2023-09-30,37.76,1677.422,27394.159,22107.627,10779.474,8338.718
GE,2023-09-30,88.23,353.0,126829.0,29833.0,56435.0,49502.0
META,2023-09-30,300.21,11583.0,73401.0,142873.0,78378.0,30531.0
INTC,2023-09-30,35.55,297.0,83151.0,105686.0,43811.0,28614.0
MSFT,2023-09-30,315.75,22291.0,225071.0,220714.0,207586.0,124792.0
F,2023-09-30,12.42,1199.0,223797.0,44276.0,121361.0,100268.0
CAT,2023-09-30,273.0,2794.0,66284.0,20507.0,48005.0,33124.0
UNH,2023-09-30,504.19,5841.0,188083.0,93980.0,91905.0,114179.0
AMZN,2023-09-30,127.12,9879.0,303910.0,182973.0,142995.0,145214.0
MCD,2023-09-30,263.44,2317.0,56944.1,-4854.8,6850.0,4002.7
QCOM,2023-09-30,111.06,1490.0,29459.0,21581.0,22464.0,9394.0
KO,2023-09-30,55.98,3087.0,69745.0,27833.0,27867.0,24409.0
MMM,2023-09-30,93.62,-2075.0,44890.0,4731.0,16198.0,15466.0
TXN,2023-09-30,159.01,1709.0,15007.0,16631.0,15097.0,2652.0
LLY,2023-09-30,537.13,-57.4,46608.1,11307.4,23007.0,21998.2
TSLA,2023-09-30,250.22,1853.0,39446.0,54495.0,45026.0,26640.0
AMD,2023-09-30,102.82,299.0,12656.0,54970.0,16688.0,7627.0
GM,2023-09-30,32.97,3063.0,202980.0,78728.0,110721.0,96821.0
AMAT,2023-10-31,132.35,2004.0,14380.0,16349.0,19147.0,7372.0
CRM,2023-10-31,200.83,1224.0,32932.0,58090.0,20202.0,19394.0
HD,2023-10-31,284.69,3810.0,74147.0,1430.0,30682.0,23572.0
TGT,2023-10-31,110.79,971.0,43715.0,12514.0,18599.0,21502.0
NVDA,2023-10-31,40.78,9243.0,20883.0,33265.0,32658.0,9101.0
CSCO,2023-10-31,52.13,3638.0,53572.0,45210.0,39659.0,27035.0
WMT,2023-10-31,54.47,453.0,173363.0,85811.0,88391.0,104230.0
NKE,2023-11-30,110.27,1578.0,23057.0,14146.0,24631.0,8999.0
ADBE,2023-11-30,611.01,1483.0,13261.0,16518.0,11084.0,8805.0
COST,2023-11-30,592.74,1589.0,47576.0,26147.0,40080.0,36768.0
CAT,2023-12-31,295.67,2676.0,67973.0,19503.0,46949.0,34728.0
DIS,2023-12-31,90.29,1911.0,92273.0,105501.0,25971.0,31033.0
AMD,2023-12-31,147.41,667.0,11993.0,55892.0,16768.0,6689.0
CVX,2023-12-31,149.16,2259.0,99703.0,161929.0,41128.0,32258.0
MCD,2023-12-31,296.51,2040.0,60854.0,-4706.0,7986.0,6859.0
KO,2023-12-31,58.93,1973.0,70223.0,27480.0,26732.0,23571.0
LLY,2023-12-31,582.92,2189.3,53142.6,10863.7,25727.0,27293.2
F,2023-12-31,12.19,-526.0,230512.0,42798.0,121481.0,101531.0
PEP,2023-12-31,,1302.0,81858.0,18637.0,26950.0,31647.0
NFLX,2023-12-31,48.69,937.838,28143.679,20588.313,9918.133,8860.655
PFE,2023-12-31,28.79,-3369.0,137212.0,89288.0,43334.0,56328.0
UNH,2023-12-31,526.47,5455.0,174801.0,98919.0,78437.0,99054.0
META,2023-12-31,353.96,14017.0,76455.0,153168.0,85365.0,31960.0
GM,2023-12-31,35.92,2103.0,204759.0,68307.0,101619.0,94446.0
QCOM,2023-12-31,144.63,2767.0,29077.0,23058.0,23439.0,9262.0
AMZN,2023-12-31,151.94,10624.0,325979.0,201875.0,172351.0,164917.0
AAPL,2023-12-31,192.53,33916.0,279414.0,74100.0,143692.0,133973.0
TXN,2023-12-31,170.46,1371.0,15451.0,16897.0,15122.0,3320.0
TSLA,2023-12-31,248.48,7928.0,43009.0,63609.0,49616.0,28748.0
GE,2023-12-31,101.86,1589.0,144695.0,28606.0,42557.0,32102.0
MRK,2023-12-31,109.02,-1226.0,69040.0,37635.0,32168.0,25694.0
INTC,2023-12-31,50.25,2669.0,81607.0,109965.0,43269.0,28053.0
MMM,2023-12-31,109.32,945.0,45712.0,4868.0,16379.0,15297.0
MSFT,2023-12-31,376.04,21870.0,232290.0,238268.0,147393.0,121016.0
WMT,2024-01-31,55.08,5494.0,161828.0,90571.0,76877.0,92415.0
CRM,2024-01-31,281.09,1446.0,40177.0,59646.0,29074.0,26631.0
NVDA,2024-01-31,61.53,12285.0,22750.0,42978.0,44345.0,10631.0
TGT,2024-01-31,139.08,1382.0,41924.0,13432.0,17498.0,19304.0
CSCO,2024-01-31,50.18,2634.0,54923.0,46251.0,45491.0,46001.0
HD,2024-01-31,352.96,2801.0,75486.0,1044.0,29775.0,22015.0
AMAT,2024-01-31,164.3,2019.0,14111.0,17429.0,19182.0,7926.0
COST,2024-02-29,743.89,1743.0,45563.0,20760.0,32146.0,34688.0
ADBE,2024-02-29,560.28,620.0,13291.0,15460.0,10008.0,8770.0
NKE,2024-02-29,103.93,1172.0,23130.0,14226.0,24753.0,9029.0
KO,2024-03-31,60.68,3177.0,71446.0,27946.0,29462.0,28356.0
TXN,2024-03-31,173.17,1105.0,17902.0,16983.0,17448.0,3553.0
LLY,2024-03-31,760.55,2242.9,51046.1,12897.4,25188.8,18598.1
QCOM,2024-03-31,171.72,2326.0,28698.0,24469.0,24232.0,9278.0
GM,2024-03-31,45.4,2980.0,205990.0,70601.0,106470.0,91778.0
MMM,2024-03-31,94.02,928.0,50310.0,4933.0,21613.0,13156.0
AAPL,2024-03-31,170.03,23636.0,263217.0,74194.0,128416.0,113060.0
AMZN,2024-03-31,180.97,10431.0,314308.0,216661.0,163989.0,152965.0
PFE,2024-03-31,27.72,3115.0,128536.0,92558.0,42414.0,40497.0
NFLX,2024-03-31,61.43,2332.209,27462.311,21365.41,9921.313,9289.217
TSLA,2024-03-31,175.22,1390.0,44046.0,65180.0,50535.0,29453.0
F,2024-03-31,13.29,1332.0,231444.0,42897.0,120595.0,54143.0
MSFT,2024-03-31,424.57,21939.0,231123.0,253152.0,147180.0,118525.0
INTC,2024-03-31,44.52,-381.0,81977.0,110756.0,42608.0,27213.0
CAT,2024-03-31,363.74,2856.0,66096.0,17645.0,43664.0,32371.0
DIS,2024-03-31,121.53,-20.0,91347.0,103763.0,24636.0,32874.0
GE,2024-03-31,139.95,1539.0,132837.0,31104.0,98296.0,52384.0
UNH,2024-03-31,489.7,-1409.0,187292.0,96918.0,88942.0,104431.0
MRK,2024-03-31,130.99,4762.0,65425.0,40424.0,31445.0,25099.0
META,2024-03-31,491.35,12369.0,73315.0,149529.0,75330.0,28101.0
MCD,2024-03-31,280.22,1929.0,58345.0,-4832.0,4057.0,4885.0
CVX,2024-03-31,159.08,5501.0,99995.0,161656.0,40508.0,32940.0
AMD,2024-03-31,183.34,123.0,11697.0,56198.0,17084.0,6474.0
PEP,2024-03-31,,2042.0,80850.0,19190.0,26005.0,30234.0
WMT,2024-04-30,59.35,5104.0,165764.0,88290.0,77152.0,96100.0
CSCO,2024-04-30,46.98,1886.0,77230.0,45768.0,39137.0,54701.0
TGT,2024-04-30,160.98,942.0,41277.0,13840.0,17078.0,19859.0
HD,2024-04-30,334.22,3600.0,77410.0,1820.0,32622.0,24359.0
AMAT,2024-04-30,198.65,1722.0,13750.0,18199.0,19265.0,7540.0
NVDA,2024-04-30,86.4,14881.0,27930.0,49142.0,53729.0,15223.0
CRM,2024-04-30,268.94,1533.0,36497.0,59683.0,25604.0,23149.0
ADBE,2024-05-31,444.76,1573.0,15164.0,14843.0,11023.0,8628.0
COST,2024-05-31,809.89,1681.0,46140.0,21771.0,33288.0,35361.0
NKE,2024-05-31,95.05,1500.0,23680.0,14430.0,25382.0,10593.0
AMZN,2024-06-30,197.2,13485.0,318371.0,236447.0,173307.0,158172.0
TSLA,2024-06-30,209.86,1400.0,45569.0,67263.0,52977.0,27729.0
AMD,2024-06-30,157.69,265.0,11348.0,56538.0,17465.0,6195.0
PEP,2024-06-30,,3083.0,79953.0,19580.0,25703.0,31148.0
CAT,2024-06-30,329.08,2681.0,66200.0,17136.0,43096.0,33564.0
QCOM,2024-06-30,200.03,2129.0,28071.0,24670.0,23332.0,9855.0
PFE,2024-06-30,28.22,40.0,128218.0,87975.0,37824.0,43818.0
KO,2024-06-30,63.28,2411.0,73791.0,27411.0,31599.0,29263.0
MSFT,2024-06-30,456.73,22036.0,243686.0,268477.0,159734.0,125286.0
INTC,2024-06-30,30.84,-1610.0,85771.0,120434.0,50829.0,32027.0
MRK,2024-06-30,127.9,5455.0,68982.0,43648.0,38205.0,26060.0
LLY,2024-06-30,914.37,2967.0,58239.3,13635.5,30204.3,27121.2
MMM,2024-06-30,100.61,1145.0,39389.0,3988.0,19515.0,14345.0
NFLX,2024-06-30,67.36,2147.306,26986.202,22112.693,9615.553,10139.999
DIS,2024-06-30,98.04,2621.0,92469.0,105303.0,25493.0,35612.0
CVX,2024-06-30,156.52,4434.0,100381.0,160263.0,39369.0,34027.0
GM,2024-06-30,46.68,2932.0,211055.0,71900.0,112065.0,95363.0
MCD,2024-06-30,249.99,2023.0,58625.0,-4824.0,4205.0,3910.0
TXN,2024-06-30,194.6,1127.0,17834.0,17214.0,16789.0,3637.0
AAPL,2024-06-30,216.75,21448.0,264904.0,66708.0,125435.0,119510.0
UNH,2024-06-30,494.65,4216.0,186822.0,99234.0,92038.0,104670.0
META,2024-06-30,504.68,13465.0,73475.0,156763.0,76431.0,27004.0
GE,2024-06-30,158.97,1264.0,104346.0,18843.0,37350.0,32749.0
F,2024-06-30,12.76,1831.0,232991.0,43595.0,120518.0,54550.0
TGT,2024-07-31,150.41,1192.0,41566.0,14429.0,17918.0,19984.0
AMAT,2024-07-31,212.2,1705.0,14807.0,18840.0,20671.0,7899.0
WMT,2024-07-31,68.64,4501.0,163668.0,90772.0,76510.0,95260.0
NVDA,2024-07-31,117.02,16599.0,27070.0,58157.0,59633.0,13969.0
HD,2024-07-31,368.16,4561.0,92426.0,4420.0,32273.0,28123.0
CRM,2024-07-31,258.8,1429.0,34547.0,57633.0,21862.0,21001.0
CSCO,2024-07-31,48.45,2162.0,78956.0,45457.0,40238.0,56795.0
ADBE,2024-08-31,574.41,1684.0,15285.0,14545.0,10716.0,8787.0
COST,2024-08-31,892.38,2354.0,46209.0,23622.0,34246.0,35464.0
PEP,2024-08-31,,2930.0,80908.0,19605.0,26852.0,30315.0
NKE,2024-08-31,83.32,1051.0,23923.0,13944.0,25040.0,10628.0
META,2024-09-30,572.44,15688.0,91879.0,164529.0,91067.0,33330.0
GE,2024-09-30,188.58,1852.0,107596.0,19103.0,38650.0,34093.0
UNH,2024-09-30,584.68,6055.0,194854.0,104455.0,92258.0,101565.0
GM,2024-09-30,44.84,3056.0,215127.0,74162.0,115417.0,95463.0
TXN,2024-09-30,206.57,1362.0,18053.0,17268.0,15872.0,3686.0
AMZN,2024-09-30,186.33,15328.0,325475.0,259151.0,175792.0,161477.0
MMM,2024-09-30,136.7,1372.0,36181.0,4694.0,16299.0,11391.0
QCOM,2024-09-30,170.05,2920.0,28880.0,26274.0,25231.0,10592.0
MRK,2024-09-30,113.56,3157.0,72972.0,44560.0,40361.0,29586.0
INTC,2024-09-30,23.46,-16639.0,88678.0,104864.0,46137.0,35159.0
PFE,2024-09-30,28.94,4465.0,126917.0,92557.0,43222.0,43210.0
AAPL,2024-09-30,233.0,14736.0,308030.0,56950.0,152987.0,165480.0
AMD,2024-09-30,164.08,771.0,12651.0,56985.0,18735.0,7500.0
F,2024-09-30,10.56,892.0,242708.0,44339.0,125099.0,56998.0
CVX,2024-09-30,147.27,4487.0,102202.0,157030.0,44162.0,35718.0
DIS,2024-09-30,96.19,460.0,90697.0,105522.0,25241.0,34599.0
CAT,2024-09-30,391.12,2464.0,66870.0,19403.0,44946.0,32218.0
MCD,2024-09-30,304.51,2257.0,61350.0,-5177.0,4911.0,6308.0
NFLX,2024-09-30,70.93,2363.509,29561.108,22720.736,12129.099,10707.126
KO,2024-09-30,71.86,2848.0,78112.0,28154.0,30288.0,28569.0
MSFT,2024-09-30,430.3,24667.0,235290.0,287723.0,149926.0,115200.0
LLY,2024-09-30,885.94,970.3,61286.2,14320.7,31415.1,24674.1
TSLA,2024-09-30,261.63,2173.0,49142.0,70710.0,56379.0,30577.0
CRM,2024-10-31,291.37,1527.0,32870.0,58525.0,21425.0,19375.0
CSCO,2024-10-31,54.77,2711.0,78056.0,45277.0,39163.0,55796.0
HD,2024-10-31,393.75,3648.0,91478.0,5786.0,32949.0,29092.0
AMAT,2024-10-31,181.58,1731.0,15408.0,19001.0,21220.0,8468.0
TGT,2024-10-31,150.04,854.0,44042.0,14489.0,20554.0,21792.0
NVDA,2024-10-31,132.76,19309.0,30114.0,65899.0,67640.0,16479.0
WMT,2024-10-31,81.95,4577.0,168934.0,94465.0,86938.0,102558.0
ADBE,2024-11-30,515.93,1683.0,16125.0,14105.0,11232.0,9623.0
NKE,2024-11-30,78.77,1163.0,23922.0,14034.0,24980.0,11246.0
COST,2024-11-30,971.88,1798.0,48935.0,24451.0,37523.0,38289.0
INTC,2024-12-31,20.05,-126.0,91453.0,105032.0,47324.0,35666.0
MCD,2024-12-31,289.89,2017.0,58980.0,-3796.0,4598.0,3861.0
AMD,2024-12-31,120.79,482.0,11658.0,57568.0,19049.0,7281.0
TXN,2024-12-31,187.51,1205.0,-22289.0,57798.0,15026.0,3643.0
KO,2024-12-31,62.26,2195.0,74177.0,26372.0,25997.0,25249.0
MRK,2024-12-31,99.48,3743.0,70734.0,46372.0,38782.0,28420.0
META,2024-12-31,585.51,20838.0,93417.0,182637.0,100045.0,33596.0
PEP,2024-12-31,,1523.0,81296.0,18171.0,25826.0,31536.0
TSLA,2024-12-31,403.84,2128.0,48390.0,73680.0,58360.0,28821.0
CVX,2024-12-31,144.84,3239.0,103781.0,153157.0,40911.0,38558.0
AAPL,2024-12-31,250.42,36330.0,277327.0,66758.0,133240.0,133517.0
NFLX,2024-12-31,89.13,1868.607,28886.807,24743.567,13100.379,10755.4
CAT,2024-12-31,362.76,2791.0,68270.0,19494.0,45682.0,32272.0
DIS,2024-12-31,111.35,2554.0,90307.0,106739.0,23667.0,34846.0
F,2024-12-31,9.9,1824.0,240338.0,44858.0,124474.0,106859.0
PFE,2024-12-31,26.53,411.0,124899.0,88497.0,50358.0,42995.0
MSFT,2024-12-31,421.5,24108.0,231203.0,302695.0,147080.0,108882.0
GE,2024-12-31,166.79,1897.0,103575.0,19565.0,37635.0,35404.0
AMZN,2024-12-31,219.39,20004.0,338924.0,285970.0,190867.0,179431.0
GM,2024-12-31,53.27,-2961.0,214171.0,65590.0,108545.0,96266.0
MMM,2024-12-31,129.09,728.0,35974.0,3894.0,15884.0,11256.0
QCOM,2024-12-31,153.62,3180.0,28695.0,26880.0,26065.0,10031.0
UNH,2024-12-31,505.86,5543.0,195687.0,102591.0,85779.0,103769.0
LLY,2024-12-31,772.0,4409.8,64443.0,14272.0,32740.0,28376.0
WMT,2025-01-31,98.16,5254.0,163131.0,97692.0,79458.0,96584.0
AMAT,2025-01-31,180.35,1185.0,14713.0,18625.0,20694.0,8420.0
TGT,2025-01-31,137.91,1103.0,43103.0,14666.0,19454.0,20799.0
HD,2025-01-31,411.98,2997.0,89479.0,6640.0,31683.0,28661.0
CRM,2025-01-31,341.7,1708.0,41755.0,61173.0,29727.0,27980.0
CSCO,2025-01-31,60.6,2428.0,75845.0,45530.0,37921.0,53571.0
NVDA,2025-01-31,120.07,22091.0,32274.0,79327.0,80126.0,18047.0
COST,2025-02-28,1048.61,1788.0,47647.0,25577.0,36897.0,36999.0
ADBE,2025-02-28,438.56,1811.0,16860.0,13095.0,10855.0,9799.0
NKE,2025-02-28,79.43,794.0,23786.0,14007.0,24609.0,11223.0
TXN,2025-03-31,179.7,1179.0,17351.0,16406.0,13086.0,2489.0
LLY,2025-03-31,825.91,2759.0,73542.0,15846.8,41261.2,30068.1
INTC,2025-03-31,22.71,-821.0,85829.0,106413.0,42134.0,32174.0
GM,2025-03-31,47.03,2785.0,215679.0,66427.0,110006.0,104221.0
GE,2025-03-31,200.15,1977.0,104655.0,19468.0,37575.0,35995.0
UNH,2025-03-31,523.75,6292.0,204621.0,105169.0,96285.0,113471.0
MCD,2025-03-31,312.37,1867.0,59783.0,-3454.0,4736.0,4008.0
DIS,2025-03-31,98.7,3275.0,87067.0,108766.0,22735.0,34029.0
CVX,2025-03-31,167.29,3500.0,106317.0,150080.0,38602.0,35702.0
CAT,2025-03-31,329.8,2003.0,66904.0,18070.0,43019.0,32595.0
BA,2025-03-31,170.55,-37.0,159819.0,-3325.0,127662.0,103654.0
AMZN,2025-03-31,190.26,17127.0,337389.0,305867.0,184645.0,176171.0
AMD,2025-03-31,102.74,709.0,13669.0,57881.0,21595.0,7703.0
F,2025-03-31,10.03,471.0,239879.0,44660.0,123054.0,58578.0
META,2025-03-31,576.36,16644.0,95184.0,185029.0,90227.0,33890.0
KO,2025-03-31,71.62,3330.0,73962.0,27754.0,26178.0,23808.0
MMM,2025-03-31,146.86,1116.0,35428.0,4523.0,15657.0,9451.0
TSLA,2025-03-31,259.16,409.0,49693.0,75418.0,59389.0,29753.0
MRK,2025-03-31,89.76,5079.0,66722.0,48400.0,29307.0,25174.0
QCOM,2025-03-31,153.61,2812.0,27644.0,27728.0,26080.0,9626.0
NFLX,2025-03-31,93.25,2890.351,28059.571,24028.073,11697.632,9718.519
PEP,2025-03-31,,1834.0,83208.0,18529.0,26288.0,31511.0
AAPL,2025-03-31,222.13,24780.0,264437.0,66796.0,118674.0,130933.0
MSFT,2025-03-31,375.39,25824.0,240733.0,321891.0,156644.0,114206.0
PFE,2025-03-31,25.34,2968.0,117389.0,90637.0,45861.0,36450.0
CSCO,2025-04-30,57.73,2491.0,73847.0,45935.0,36063.0,48279.0
CRM,2025-04-30,268.71,1541.0,37944.0,60666.0,25866.0,24196.0
HD,2025-04-30,360.49,3433.0,91202.0,7955.0,34529.0,31589.0
WMT,2025-04-30,97.25,4487.0,171724.0,90648.0,80253.0,102920.0
AMAT,2025-04-30,150.71,2137.0,14671.0,18961.0,19708.0,8317.0
TGT,2025-04-30,96.7,1036.0,41238.0,14947.0,17759.0,18991.0
NVDA,2025-04-30,108.92,18775.0,41411.0,83843.0,89935.0,26542.0
COST,2025-05-31,1040.18,1903.0,48357.0,27125.0,38151.0,37579.0
ADBE,2025-05-31,415.09,1691.0,16659.0,11448.0,8978.0,9556.0
NKE,2025-05-31,60.59,211.0,23366.0,13210.0,23362.0,10566.0
BA,2025-06-30,209.53,-611.0,158416.0,-3296.0,127301.0,103376.0
TSLA,2025-06-30,317.66,1172.0,50495.0,78072.0,61133.0,30008.0
CAT,2025-06-30,388.21,2179.0,71662.0,18663.0,46755.0,34934.0
PEP,2025-06-30,,1263.0,86786.0,18559.0,28210.0,36396.0
PFE,2025-06-30,24.24,2910.0,117083.0,89012.0,43702.0,37726.0
AMZN,2025-06-30,219.39,18164.0,348395.0,333775.0,191420.0,186921.0
AMD,2025-06-30,141.9,872.0,15155.0,59665.0,24519.0,9843.0
QCOM,2025-06-30,159.26,2666.0,27653.0,27209.0,24913.0,7893.0
NFLX,2025-06-30,133.91,3125.413,28147.765,24951.899,11993.106,8942.335
DIS,2025-06-30,124.01,5262.0,82856.0,113756.0,23820.0,32972.0
MCD,2025-06-30,292.17,2252.0,62315.0,-2760.0,5601.0,4298.0
MMM,2025-06-30,152.24,723.0,33638.0,4351.0,13427.0,7808.0
TXN,2025-06-30,207.62,1295.0,18530.0,16403.0,14484.0,2492.0
LLY,2025-06-30,779.53,5660.5,82573.5,18349.1,49854.0,39019.9
MRK,2025-06-30,79.16,4427.0,68463.0,49060.0,30464.0,26037.0
KO,2025-06-30,70.75,3810.0,74151.0,30182.0,26609.0,21944.0
CVX,2025-06-30,143.19,2490.0,103562.0,147258.0,34691.0,34827.0
INTC,2025-06-30,22.4,-2918.0,86769.0,105751.0,43375.0,34966.0
GM,2025-06-30,49.21,1895.0,220925.0,68459.0,114285.0,109324.0
AAPL,2025-06-30,205.17,23434.0,265665.0,65830.0,122491.0,131775.0
GE,2025-06-30,257.39,2029.0,105911.0,19345.0,37800.0,37506.0
F,2025-06-30,10.85,-36.0,247644.0,45081.0,126612.0,61707.0
META,2025-06-30,738.09,18337.0,99674.0,195070.0,73613.0,37305.0
UNH,2025-06-30,311.97,3406.0,203789.0,104784.0,93699.0,110781.0
MSFT,2025-06-30,497.41,27233.0,275524.0,343479.0,191131.0,141218.0
XOM,2025-06-30,107.8,7082.0,177635.0,269962.0,85108.0,68161.0
